,Overall score of the Index,Domain score,Sub-domain score,Gender gap metric,Gender gap metric,Sub-domain score,Gender gap metric,Gender gap metric,Gender gap metric,Domain score,Sub-domain score,Gender gap metric,Gender gap metric,Sub-domain score,Gender gap metric,Gender gap metric,Domain score,Sub-domain score,Gender gap metric,Gender gap metric,Sub-domain score,Gender gap metric,Domain score,Sub-domain score,Gender gap metric,Gender gap metric,Sub-domain score,Gender gap metric,Gender gap metric,Domain score,Sub-domain score,Gender gap metric,Gender gap metric,Gender gap metric,Sub-domain score,Gender gap metric,Gender gap metric,Sub-domain score,Gender gap metric,Gender gap metric,Gender gap metric,Domain score,Sub-domain score,Gender gap metric,Gender gap metric,Gender gap metric,Sub-domain score,Gender gap metric,Gender gap metric,Sub-domain score,Gender gap metric,Gender gap metric,,Indicator,Indicator,Indicator,Indicator,Indicator,Indicator,Indicator,Indicator,Indicator,Indicator,Indicator,Indicator,Indicator,Indicator,Indicator,Indicator,Indicator,,Indicator,Indicator,Indicator,Indicator,Indicator,Indicator,Indicator,Indicator,Indicator,Indicator,Indicator,Indicator,Indicator,Indicator,Indicator,Indicator,Indicator,Indicator,Indicator,Indicator,Indicator,Indicator,Indicator,Indicator,Indicator,Indicator,Indicator,Indicator,Indicator,Indicator,Indicator,Indicator,Indicator,Indicator,Indicator,Indicator,Indicator,Indicator,Indicator,Indicator,Indicator,Indicator,Indicator,Indicator,Indicator,Indicator,Indicator,Indicator,Indicator,Indicator,Indicator,Indicator,Indicator,Indicator,Indicator,Indicator,Indicator,Indicator,Indicator,Indicator,Indicator,Indicator,Indicator,Indicator,Indicator,Indicator,Indicator,Indicator,Indicator,Indicator,Indicator,Indicator,Indicator,Indicator,Indicator,Indicator,Reference to population,Reference to population,Reference to population,Reference to population,Reference to population,Reference to population
Country,Gender Equality Index,WORK,Participation,FTE employment rate (%),Duration of working life (years),Segregation and quality of work,"Employed people in education, human health and social work activities (%)",Ability to take one hour or two off during working hours to take care of personal or family matters (%),"Career Prospects Index (points, 0-100)",MONEY,Financial resources,Mean monthly earnings (PPS),Mean equivalised net income (PPS),Economic situation,Not at-risk-of-poverty (%),Income distribution S20/80,KNOWLEDGE,Attainment and participation,Graduates of tertiary education (%),People participating in formal or non-formal education (%),Segregation,"Tertiary students in education, health and welfare, humanities and arts (%)",TIME,Care activities,"People caring for and educating their children or grandchildren, elderly or people with disabilities, every day (%)","People doing cooking and/or housework, every day (%)",Social activities,"Workers doing sporting, cultural or leisure activities outside of their home, at least daily or several times a week (%)","Workers involved in voluntary or charitable activities, at least once a month (%)",POWER,Political,Share of ministers (%),Share of members of parliament (%),Share of members of regional assemblies (%),Economic,"Share of members of boards in largest quoted companies, supervisory board or board of directors (%)",Share of board members of central bank (%),Social,Share of board members of research funding organisations (%),Share of board members of publically owned broadcasting organisations (%) ,Share of members of highest decision making body of the national Olympic sport organisations (%) ,HEALTH,Status,"Self-perceived health, good or very good (%)",Life expectancy at birth (years),Healthy life years at birth (years),Behaviour,People who don't smoke and are not involved in harmful drinking (%),People doing physical activities and/or consuming fruits and vegetables (%),Access,Population without unmet needs for medical examination (%),Population without unmet needs for dental examination (%),,Full-time equivalent employment rate (%) W,Full-time equivalent employment rate (%) M,Full-time equivalent employment rate (%) T,Duration of working life (years) W,Duration of working life (years) M,Duration of working life (years) T,"Employed people in education, human health and social work activities (%) W","Employed people in education, human health and social work activities (%) M","Employed people in education, human health and social work activities (%) T",Ability to take one hour or two off during working hours to take care of personal or family matters (%) W,Ability to take one hour or two off during working hours to take care of personal or family matters (%) M,Ability to take one hour or two off during working hours to take care of personal or family matters (%) T,"Career Prospects Index (points, 0-100) W","Career Prospects Index (points, 0-100) M","Career Prospects Index (points, 0-100) T",Mean monthly earnings (PPS) W,Mean monthly earnings (PPS) M,Gender Wage Gap mean monthly earnings,Mean monthly earnings (PPS) T,Mean equivalised net income (PPS) W,Mean equivalised net income (PPS) M,Mean equivalised net income (PPS) T,Not at-risk-of-poverty (%) W,Not at-risk-of-poverty (%) M,Not at-risk-of-poverty (%) T,Income distribution S20/S80 (%) W,Income distribution S20/S80 (%) M,Income distribution S20/S80 (%) T,Graduates of tertiary education (%) W,Graduates of tertiary education (%) M,Graduates of tertiary education (%) T,People participating in formal or non-formal education (%) W,People participating in formal or non-formal education (%) M,People participating in formal or non-formal education (%) T,"Tertiary students in education, health and welfare, humanities and arts (%) W","Tertiary students in education, health and welfare, humanities and arts (%) M","Tertiary students in education, health and welfare, humanities and arts (%) T","People caring for and educating their children or grandchildren, elderly or people with disabilities, every day (%) W","People caring for and educating their children or grandchildren, elderly or people with disabilities, every day (%) M","People caring for and educating their children or grandchildren, elderly or people with disabilities, every day (%) T","People doing cooking and/or household, every day (%) W","People doing cooking and/or household, every day (%) M","People doing cooking and/or household, every day (%) T","Workers doing sporting, cultural or leisure activities outside of their home, at least daily or several times a week (%) W","Workers doing sporting, cultural or leisure activities outside of their home, at least daily or several times a week (%) M","Workers doing sporting, cultural or leisure activities outside of their home, at least daily or several times a week (%) T","Workers involved in voluntary or charitable activities, at least once a month (%) W","Workers involved in voluntary or charitable activities, at least once a month (%) M","Workers involved in voluntary or charitable activities, at least once a month (%) T",Share of ministers (%) W,Share of ministers (%) M,Share of ministers (%) T,Share of members of parliament (%) W,Share of members of parliament (%) M,Share of members of parliament (%) T,Share of members of regional assemblies (%) W,Share of members of regional assemblies (%) M,Share of members of regional assemblies (%) T,"Share of members of boards in largest quoted companies, supervisory board or board of directors (%) W","Share of members of boards in largest quoted companies, supervisory board or board of directors (%) M","Share of members of boards in largest quoted companies, supervisory board or board of directors (%) T",Share of board members of central bank (%) W,Share of board members of central bank (%) M,Share of board members of central bank (%) T,Share of board members of research funding organisations (%) W,Share of board members of research funding organisations (%) M,Share of board members of research funding organisations (%) T,Share of board members of publically owned broadcasting organisations (%)  W,Share of board members of publically owned broadcasting organisations (%)  M,Share of board members of publically owned broadcasting organisations (%)  T,Share of members of highest decision making body of the national Olympic sport organisations (%)  W,Share of members of highest decision making body of the national Olympic sport organisations (%)  M,Share of members of highest decision making body of the national Olympic sport organisations (%)  T,"Self-perceived health, good or very good (%) W","Self-perceived health, good or very good (%) M","Self-perceived health, good or very good (%) T",Life expectancy at birth (years) W,Life expectancy at birth (years) M,Life expectancy at birth (years) T,Healthy life years at birth (years) W,Healthy life years at birth (years) M,Healthy life years at birth (years) T,People who don't smoke and are not involved in harmful drinking (%) W,People who don't smoke and are not involved in harmful drinking (%) M,People who don't smoke and are not involved in harmful drinking (%) T,People doing physical activities and/or consuming fruits and vegetables (%) W,People doing physical activities and/or consuming fruits and vegetables (%) M,People doing physical activities and/or consuming fruits and vegetables (%) T,Population without unmet needs for medical examination (%) W,Population without unmet needs for medical examination (%) M,Population without unmet needs for medical examination (%) T,Population without unmet needs for dental examination (%) W,Population without unmet needs for dental examination (%) M,Population without unmet needs for dental examination (%) T,Population (number) W,Population (number) M,Population (number) T,Population (%) W,Population (%) M,Population (%) T
EU-28,62.0,70.0,77.5,73.4,81.6,63.3,33.6,63.2,93.1,73.9,60.9,60.7,61.1,89.7,95.0,84.4,60.8,67.0,69.5,64.5,55.2,55.2,66.7,69.9,79.6,60.2,63.6,67.1,60.0,38.9,43.8,40.4,40.5,50.5,25.0,20.1,29.8,53.6,76.5,58.2,26.2,85.9,88.5,83.3,92.4,89.6,75.4,77.3,73.5,95.1,95.0,95.1,,40.5,59.4,49.5,30.2,36.7,33.5,27.8,7.5,16.5,22.8,27.3,25.1,63.7,62.6,63.2,"1,501","2,467",39.16%,"2,222","12,645","13,297","12,959",83.7,85.6,84.6,22.1,21.5,21.8,18.0,17.8,17.9,17.5,16.5,17.0,43.5,21.3,33.5,43.3,28.5,36.2,80.1,34.2,58.0,27.5,31.9,29.8,13.3,12.9,13.1,21.1,78.9,100.0,21.2,78.8,100.0,26.4,73.6,100.0,10.4,89.6,100.0,15.5,84.5,100.0,39.9,60.1,100.0,30.5,69.5,100.0,13.6,86.4,100.0,60.3,66.4,63.2,80.4,73.9,77.2,61.4,59.9,60.6,72.4,52.2,62.8,36.1,40.1,38.0,90.6,91.9,91.2,89.8,89.9,89.8,"205,473,251","190,389,112","395,862,363",51.9%,48.1%,100.0%
BE,66.0,71.0,72.3,66.1,78.5,69.8,40.3,73.1,96.0,81.3,73.9,79.0,68.8,89.5,95.6,83.4,68.1,70.7,79.8,61.5,65.7,65.7,74.3,76.9,80.0,73.8,71.8,72.2,71.5,39.8,65.7,51.6,68.3,77.1,18.9,12.8,25.0,50.7,77.1,52.0,22.9,86.3,92.1,90.3,94.2,91.9,70.3,75.9,64.7,99.2,99.6,98.7,,34.7,55.4,44.4,28.1,34.6,31.4,35.6,10.4,21.4,29.5,33.2,31.5,66.5,66.2,66.4,"2,296","2,623",12.47%,"2,485","16,635","18,593","17,587",84.9,87.0,85.9,26.9,22.7,24.6,23.8,23.5,23.6,14.8,15.3,15.0,50.0,28.0,39.9,48.3,32.1,40.4,82.3,47.8,65.6,32.3,38.7,35.7,19.6,18.6,19.0,26.8,73.2,100.0,35.5,64.5,100.0,40.0,60.0,100.0,6.3,93.7,100.0,12.8,87.2,100.0,40.0,60.0,100.0,27.0,73.0,100.0,11.7,88.3,100.0,70.3,76.2,73.1,81.9,76.2,79.1,62.3,62.4,62.4,68.3,50.1,59.5,29.5,36.4,32.9,99.0,99.1,99.0,97.0,97.4,97.2,"4,275,415","4,003,552","8,278,967",51.6%,48.4%,100.0%
BG,56.0,67.3,77.9,76.1,79.8,58.1,26.6,55.6,92.0,54.3,33.5,33.8,33.3,88.1,93.7,82.5,52.5,53.0,57.8,48.3,51.9,51.9,50.9,64.7,69.8,59.7,40.1,39.8,40.3,48.4,49.1,52.7,47.1,47.6,33.2,34.5,32.0,69.2,85.3,83.8,38.6,72.6,86.6,78.1,89.0,92.7,52.3,72.4,32.2,84.4,84.5,84.3,,39.6,49.4,44.3,27.7,31.3,29.6,20.7,5.0,12.3,20.3,31.3,25.8,62.3,65.6,63.9,410,470,12.77%,441,"3,638","3,803","3,717",81.7,84.2,82.9,20.3,20.2,20.2,18.8,14.1,16.5,9.2,9.9,9.6,26.4,16.5,21.7,39.2,20.8,30.3,89.9,37.9,64.8,11.7,19.5,15.6,5.6,5.6,5.6,27.6,72.4,100.0,24.7,75.3,100.0,24.9,75.1,100.0,18.0,82.0,100.0,16.7,83.3,100.0,44.4,55.6,100.0,60.0,40.0,100.0,20.2,79.8,100.0,55.3,66.1,60.5,76.2,69.0,72.6,71.9,66.2,69.1,67.5,46.7,57.9,9.4,18.2,13.5,73.0,77.0,74.9,71.4,73.6,72.5,"3,282,615","3,044,971","6,327,586",51.9%,48.1%,100.0%
CZ,53.6,65.3,79.6,77.2,82.0,53.6,25.3,44.9,90.6,70.2,50.6,50.7,50.6,97.4,98.8,96.1,52.2,52.0,45.3,58.7,52.4,52.4,51.2,55.8,80.2,31.3,47.1,60.0,34.2,29.6,28.6,24.2,27.6,33.9,25.8,19.5,32.0,35.1,57.4,33.6,14.3,84.6,86.7,80.4,91.9,88.0,72.3,79.4,65.1,96.7,96.2,97.2,,44.4,64.1,53.8,30.4,36.8,33.7,23.6,5.1,13.1,11.0,10.6,10.8,65.4,60.9,63.1,"1,001","1,322",24.28%,"1,183","8,656","9,151","8,895",90.3,91.8,91.1,28.1,27.7,27.9,8.8,12.1,10.4,13.4,13.6,13.5,46.1,20.6,34.0,38.0,25.4,31.9,68.8,12.4,41.7,22.6,27.8,25.2,8.5,5.4,6.7,12.5,87.5,100.0,14.3,85.7,100.0,17.7,82.3,100.0,10.0,90.0,100.0,16.7,83.3,100.0,30.0,70.0,100.0,17.5,82.5,100.0,7.2,92.8,100.0,56.2,62.0,58.9,79.2,72.9,76.1,60.0,58.0,59.0,72.7,54.2,63.8,30.1,37.5,33.6,92.5,93.1,92.8,95.2,94.2,94.8,"4,299,258","3,995,629","8,294,887",51.8%,48.2%,100.0%
DK,74.6,78.9,88.5,84.2,92.7,70.3,43.2,69.3,98.3,82.7,71.2,72.7,69.6,96.1,97.4,94.9,73.7,81.1,80.9,81.3,67.0,67.0,82.7,89.4,93.5,85.4,76.5,93.0,60.0,54.7,65.8,56.3,74.5,66.5,45.7,22.6,68.7,54.6,72.4,57.5,33.8,91.1,94.3,92.4,94.4,96.2,81.7,70.5,92.9,98.2,99.4,97.1,,49.7,64.0,56.4,37.1,40.8,39.0,40.8,11.7,25.2,31.8,50.1,41.4,72.9,70.4,71.7,"2,087","2,651",21.27%,"2,362","16,456","17,230","16,835",87.4,88.1,87.7,28.7,27.5,28.1,26.6,24.8,25.7,32.7,27.9,30.3,61.3,30.6,48.2,30.8,27.0,28.9,80.6,59.9,70.5,52.8,50.5,51.6,14.5,19.1,16.9,28.8,71.3,100.0,38.1,61.9,100.0,34.0,66.0,100.0,11.3,88.7,100.0,35.1,64.9,100.0,37.0,63.0,100.0,29.4,70.6,100.0,17.1,82.9,100.0,73.6,79.8,76.6,80.5,76.0,78.3,68.4,68.4,68.4,60.7,43.7,52.3,68.2,59.1,63.6,99.0,98.6,98.8,94.8,93.9,94.4,"2,147,248","2,059,915","4,207,162",51.0%,49.0%,100.0%
DE,60.0,68.1,75.6,66.1,85.0,61.4,36.2,53.4,94.8,83.3,73.7,76.5,71.0,94.1,96.8,91.4,55.3,56.7,55.2,58.2,53.9,53.9,66.6,69.5,74.7,64.3,63.8,59.8,67.7,34.0,67.4,80.4,59.6,62.3,11.9,22.8,1.0,49.1,70.6,45.6,31.2,86.6,87.5,81.9,94.6,85.9,80.9,73.3,88.4,91.9,90.6,93.2,,34.8,56.1,44.9,32.4,38.6,35.6,27.6,8.1,16.9,15.8,18.2,17.0,67.9,65.5,66.7,"2,299","2,988",23.06%,"2,688","17,230","18,264","17,722",86.9,88.6,87.7,26.2,25.3,25.7,14.7,24.2,19.3,13.8,15.5,14.6,52.8,22.8,37.7,37.2,22.1,30.0,83.5,39.2,62.4,21.8,25.2,23.5,17.5,16.6,17.0,41.7,58.3,100.0,31.0,69.0,100.0,32.3,67.7,100.0,11.7,88.3,100.0,0.0,100.0,100.0,36.6,63.4,100.0,23.7,76.3,100.0,16.1,83.9,100.0,57.7,62.6,60.1,82.0,76.7,79.4,54.8,54.5,54.7,63.3,46.6,55.1,50.8,53.1,51.9,82.4,83.8,83.1,87.2,86.5,86.9,"34,926,855","32,749,624","67,676,479",51.6%,48.4%,100.0%
EE,52.2,71.0,87.2,84.0,90.4,57.9,24.7,54.2,94.7,58.4,41.4,42.6,40.2,82.2,93.2,71.2,49.5,66.7,71.9,61.5,36.8,36.8,74.6,83.2,86.3,80.0,66.9,74.0,59.8,22.5,36.0,24.7,32.3,51.0,22.9,23.9,21.9,13.8,1.0,21.9,18.5,81.0,80.7,75.9,86.8,79.4,70.1,65.6,74.7,93.7,95.4,92.1,,47.9,58.2,52.5,33.8,34.2,34.0,24.8,4.8,14.9,15.4,15.8,15.6,64.8,65.8,65.3,785,"1,143",31.32%,931,"5,519","6,018","5,742",81.1,83.8,82.3,18.5,16.1,17.3,31.9,22.5,27.5,15.2,16.4,15.7,38.4,11.9,28.2,50.1,37.9,44.6,81.1,53.8,69.0,33.5,38.4,35.7,13.8,16.6,15.2,14.1,85.9,100.0,18.5,81.5,100.0,29.0,71.0,100.0,13.7,86.3,100.0,12.5,87.5,100.0,0.0,100.0,100.0,12.5,87.5,100.0,10.5,89.5,100.0,50.8,57.4,53.8,78.1,67.3,72.7,52.4,48.3,50.4,74.0,43.2,58.2,35.4,35.8,35.6,90.6,90.7,90.7,84.5,85.2,84.8,"595,187","491,873","1,087,060",54.8%,45.2%,100.0%
IE,61.9,71.1,75.1,72.7,77.5,67.4,26.8,80.9,94.4,79.5,73.6,76.0,71.2,85.8,92.4,79.3,60.8,67.1,75.8,58.4,55.1,55.1,74.2,69.9,77.4,62.5,78.6,80.6,76.6,32.1,29.9,28.1,27.0,34.6,15.3,12.0,18.6,72.3,98.8,85.9,32.4,90.4,95.3,98.9,95.2,91.9,79.0,72.4,85.7,98.1,98.3,98.0,,42.5,69.5,55.5,29.1,39.9,34.6,29.4,6.1,16.0,37.1,43.4,40.4,64.1,64.6,64.3,"2,324","3,056",23.95%,"2,683","17,360","18,435","17,890",79.6,82.3,80.9,20.5,19.3,19.8,24.7,22.2,23.5,14.9,13.7,14.3,43.5,21.3,33.5,49.8,31.3,40.7,73.0,32.9,53.3,40.4,48.4,44.6,21.1,22.1,21.7,14.0,86.0,100.0,13.4,86.6,100.0,17.3,82.7,100.0,5.7,94.3,100.0,9.1,90.9,100.0,50.0,50.0,100.0,43.5,56.5,100.0,16.2,83.8,100.0,81.9,83.6,82.7,81.6,77.2,79.4,64.0,62.9,63.5,65.8,46.5,56.3,48.4,47.2,47.8,96.9,98.1,97.5,95.7,96.4,96.0,"1,563,935","1,525,854","3,089,789",50.6%,49.4%,100.0%
EL,46.8,62.5,68.0,63.8,72.2,57.5,36.9,51.5,84.0,71.9,62.2,63.5,60.9,83.2,91.8,74.6,47.2,54.3,59.5,49.0,41.0,41.0,46.2,50.3,63.9,36.7,42.5,39.6,45.4,18.2,24.3,11.4,22.8,38.7,10.4,15.0,5.8,24.1,22.2,32.9,17.1,84.6,94.0,93.1,94.8,94.0,66.6,80.2,53.0,96.6,96.5,96.7,,34.4,61.0,47.3,25.8,37.0,31.6,19.7,7.4,12.2,14.4,16.1,15.4,52.2,51.0,51.6,"1,577","2,069",23.78%,"1,859","12,476","12,928","12,696",78.8,81.9,80.3,16.9,17.9,17.4,13.9,16.1,15.0,9.3,9.6,9.4,35.7,13.9,25.0,43.7,20.3,32.3,84.8,18.6,52.4,11.0,17.6,14.7,7.6,7.3,7.4,5.5,94.5,100.0,11.4,88.6,100.0,19.7,80.3,100.0,7.3,92.7,100.0,2.5,97.5,100.0,11.1,88.9,100.0,16.7,83.3,100.0,8.4,91.6,100.0,74.6,80.4,77.4,81.6,76.8,79.2,67.4,65.9,66.7,70.4,54.2,62.8,19.8,24.7,22.2,93.2,94.1,93.6,92.9,93.1,93.0,"4,560,640","4,378,136","8,938,776",51.0%,49.0%,100.0%
ES,62.2,68.1,70.9,66.6,75.1,65.4,30.2,78.0,88.2,73.6,63.5,64.8,62.2,85.4,92.2,78.6,59.3,68.8,76.7,60.9,51.1,51.1,58.0,60.9,74.5,47.3,55.2,80.2,30.2,45.9,79.4,94.4,61.3,82.5,20.6,8.6,32.7,59.2,86.7,64.9,25.9,88.1,90.8,85.4,94.4,92.6,78.6,86.5,70.8,95.8,96.2,95.3,,36.5,62.5,49.1,27.4,37.9,32.8,20.5,6.0,11.8,32.9,35.3,34.2,57.3,56.1,56.8,"1,600","2,008",20.32%,"1,842","13,120","13,754","13,431",79.4,82.5,80.9,18.4,18.6,18.5,21.9,22.7,22.3,16.7,15.1,15.9,39.7,18.7,30.0,45.5,26.9,36.4,80.5,24.6,53.0,39.3,45.5,42.6,3.8,3.3,3.5,48.4,51.6,100.0,31.5,68.5,100.0,42.3,57.7,100.0,4.0,96.0,100.0,16.7,83.3,100.0,44.4,55.6,100.0,33.3,66.7,100.0,13.1,86.9,100.0,63.5,70.3,66.8,83.7,77.0,80.4,63.4,63.3,63.4,75.9,61.6,68.9,36.1,46.0,40.9,94.3,92.9,93.6,91.0,90.4,90.7,"18,252,050","17,408,585","35,660,635",51.2%,48.8%,100.0%
FR,65.2,70.5,79.1,74.8,83.4,62.9,39.7,55.7,93.4,81.6,71.4,72.9,69.9,93.2,96.7,89.7,62.3,67.1,72.9,61.2,57.9,57.9,69.1,70.9,81.8,59.9,67.4,71.5,63.3,43.6,52.4,38.8,26.5,92.0,29.0,13.7,44.2,54.6,69.6,53.8,40.4,86.9,90.9,87.5,94.1,91.1,74.0,80.3,67.7,97.5,98.0,96.9,,40.9,56.5,48.0,30.6,35.1,32.9,30.8,9.4,19.3,17.9,22.1,20.0,66.7,63.8,65.3,"2,025","2,474",18.15%,"2,273","16,542","17,227","16,870",86.5,88.1,87.3,24.1,24.4,24.3,20.4,19.7,20.1,14.5,14.7,14.6,43.0,22.5,33.8,49.5,34.2,42.1,76.8,32.6,56.1,32.1,39.0,35.6,14.6,14.2,14.4,20.6,79.4,100.0,14.0,86.0,100.0,48.3,51.7,100.0,7.0,93.0,100.0,23.5,76.5,100.0,36.8,63.2,100.0,28.6,71.4,100.0,21.5,78.5,100.0,66.0,71.6,68.7,83.8,76.7,80.3,64.6,62.3,63.5,69.7,54.2,62.2,32.0,38.7,35.2,96.4,96.0,96.2,93.5,93.2,93.4,"25,450,087","23,116,054","48,566,141",52.4%,47.6%,100.0%
HR,50.3,67.5,74.5,68.4,80.7,61.1,25.8,66.7,90.9,68.6,56.2,61.9,50.5,83.8,91.8,75.8,43.6,52.5,54.1,50.8,36.3,36.3,48.3,53.0,72.3,33.7,44.0,42.3,45.8,27.4,45.3,49.7,40.1,46.0,20.0,26.2,13.8,22.8,53.3,1.0,14.0,81.4,84.7,76.1,90.9,87.1,68.3,82.9,53.7,93.1,90.9,95.4,,34.8,49.8,41.8,28.8,33.7,31.4,18.7,4.6,10.9,25.1,29.4,27.3,61.0,59.8,60.4,"1,364","1,460",6.58%,"1,416","8,554","8,893","8,716",78.2,80.1,79.1,18.2,17.4,17.8,11.4,13.1,12.2,10.0,10.2,10.1,30.6,11.1,21.6,48.4,27.3,38.3,79.3,15.7,49.1,12.5,19.1,15.9,8.9,7.8,8.3,26.7,73.3,100.0,21.5,78.5,100.0,24.7,75.3,100.0,14.0,86.0,100.0,7.1,92.9,100.0,28.6,71.4,100.0,0.0,100.0,100.0,7.3,92.7,100.0,48.3,47.8,48.1,78.8,71.8,75.3,60.4,57.4,58.9,72.5,57.2,65.3,21.1,28.0,24.4,83.7,86.2,84.7,91.3,90.5,91.0,"1,827,006","1,640,185","3,467,191",52.7%,47.3%,100.0%
IT,49.2,60.8,63.8,59.1,68.5,58.0,31.0,59.2,83.8,76.2,68.0,68.8,67.2,85.4,92.2,78.6,54.1,51.8,50.3,53.4,56.6,56.6,60.1,65.7,83.3,48.0,55.0,61.9,48.1,16.1,23.5,25.3,22.7,22.4,3.7,6.5,1.0,47.8,64.0,63.3,16.0,85.8,89.4,78.2,95.3,94.6,74.2,89.6,58.8,95.3,96.1,94.6,,30.4,56.4,42.7,23.7,35.2,29.6,24.6,6.7,13.8,19.3,22.0,20.8,55.7,51.9,54.0,"1,789","2,178",17.86%,"2,013","15,522","16,669","16,073",79.9,83.7,81.7,18.4,18.4,18.3,9.1,9.2,9.2,11.4,11.1,11.2,44.4,22.0,34.7,46.3,32.9,39.9,77.8,24.2,52.1,23.6,28.2,26.1,10.5,8.9,9.6,13.2,86.8,100.0,11.8,88.2,100.0,11.7,88.3,100.0,3.0,97.0,100.0,0.0,100.0,100.0,70.0,30.0,100.0,33.3,66.7,100.0,8.2,91.8,100.0,54.3,62.3,58.1,83.6,78.0,80.8,67.8,66.6,67.2,79.9,65.6,73.1,24.5,30.4,27.3,92.5,93.7,93.1,89.0,89.6,89.3,"25,002,066","22,937,269","47,939,335",52.2%,47.8%,100.0%
CY,45.9,66.3,78.5,77.9,79.1,55.9,27.2,57.2,83.4,72.6,60.5,50.4,70.7,87.1,92.8,81.4,43.4,65.5,78.4,52.6,28.7,28.7,47.7,55.0,64.2,45.8,41.3,33.2,49.5,16.4,23.6,4.7,27.2,39.0,7.2,13.4,1.0,26.0,48.0,21.7,8.4,85.8,91.3,90.7,95.0,88.3,73.0,76.7,69.3,94.8,96.3,93.3,,46.5,70.4,57.9,30.1,40.9,35.7,18.4,5.0,10.8,17.5,18.5,18.0,50.8,53.0,51.9,"1,006","1,344",25.15%,"1,184","16,850","17,383","17,110",81.0,85.1,83.0,20.8,23.2,21.9,22.7,23.2,22.9,12.5,11.2,11.9,37.1,9.3,23.7,43.1,20.2,31.9,72.2,21.1,49.5,9.7,21.7,15.8,9.2,11.0,10.3,2.0,98.0,100.0,14.0,86.0,100.0,20.3,79.7,100.0,6.7,93.3,100.0,0.0,100.0,100.0,25.0,75.0,100.0,11.1,88.9,100.0,4.0,96.0,100.0,71.5,78.7,75.0,80.9,76.8,78.9,58.2,59.8,59.0,81.4,53.9,68.4,33.0,38.6,35.7,93.2,94.9,94.0,86.5,86.7,86.6,"286,201","266,904","553,105",51.7%,48.3%,100.0%
LV,53.4,71.7,83.6,80.0,87.2,61.4,24.5,68.3,91.4,56.3,40.2,43.4,37.1,78.7,92.3,65.1,46.6,60.2,55.8,64.6,36.1,36.1,59.1,77.5,79.0,75.9,45.1,51.8,38.5,34.8,36.8,41.4,33.6,35.3,38.8,28.5,49.2,29.5,63.4,1.0,24.1,73.8,74.6,56.2,85.4,82.1,65.5,66.6,64.4,82.3,80.0,84.5,,45.5,59.5,51.8,32.1,34.0,33.1,23.5,4.7,13.9,24.9,26.0,25.4,60.7,62.7,61.8,708,844,16.11%,768,"4,677","5,101","4,866",79.6,82.3,80.8,16.1,13.6,14.9,19.2,13.5,16.6,20.1,17.3,18.8,33.1,10.8,24.9,50.2,32.7,42.3,79.7,48.6,66.0,17.4,22.6,19.9,11.8,6.9,9.3,24.2,75.8,100.0,19.7,80.3,100.0,20.7,79.3,100.0,16.7,83.3,100.0,28.6,71.4,100.0,36.4,63.6,100.0,0.0,100.0,100.0,14.1,85.9,100.0,30.5,40.6,35.0,76.5,65.4,71.0,53.2,50.8,52.0,76.4,43.5,61.9,28.7,34.0,31.1,67.4,74.8,70.7,70.9,71.2,71.0,"1,000,661","805,287","1,805,949",55.4%,44.6%,100.0%
LT,55.8,71.9,84.1,80.9,87.3,61.5,33.0,59.0,92.5,57.0,40.7,43.8,37.6,80.1,93.1,67.0,55.1,66.8,67.3,66.2,45.5,45.5,53.5,78.4,84.9,72.0,36.4,45.3,27.6,37.3,35.1,28.0,38.3,39.2,33.0,22.2,43.8,44.7,56.7,58.9,18.4,77.6,76.9,63.2,85.1,82.3,64.8,66.8,62.7,93.8,93.9,93.8,,45.5,57.8,51.1,31.6,32.2,31.9,26.6,7.0,16.6,19.0,21.0,19.9,63.2,61.9,62.5,738,924,20.13%,826,"4,719","5,019","4,856",80.3,81.8,81.0,15.8,14.0,15.0,21.6,18.0,20.0,17.3,17.0,17.2,37.5,15.4,28.7,40.0,29.4,35.2,85.0,47.5,68.1,13.5,17.9,15.5,5.5,3.4,4.4,16.0,84.0,100.0,21.9,78.1,100.0,22.4,77.6,100.0,12.7,87.3,100.0,25.0,75.0,100.0,32.1,67.9,100.0,33.3,66.7,100.0,10.4,89.6,100.0,37.7,48.2,42.4,77.3,65.3,71.3,54.6,51.4,53.0,81.5,45.0,65.0,27.6,33.6,30.3,89.0,91.4,90.1,87.9,88.9,88.3,"1,435,663","1,186,614","2,622,278",54.7%,45.3%,100.0%
LU,64.4,68.1,70.2,65.7,74.7,66.1,39.0,61.4,98.0,93.1,91.2,86.6,95.7,95.1,97.5,92.7,62.0,65.6,66.8,64.3,58.7,58.7,73.2,75.2,82.7,67.8,71.1,76.1,66.2,36.2,42.7,40.8,45.4,42.0,15.4,6.1,24.8,71.8,91.1,91.1,33.1,89.2,92.9,92.2,94.5,91.9,78.5,71.4,85.5,97.5,97.1,97.8,,35.9,62.3,48.6,26.3,34.4,30.4,28.4,9.1,17.1,22.7,30.0,26.5,72.5,70.1,71.3,"2,737","3,104",11.82%,"2,973","31,100","32,069","31,576",87.6,88.5,88.1,26.4,25.6,26.4,18.5,23.4,20.9,16.2,16.7,16.4,42.7,23.1,33.3,70.5,49.5,60.8,83.1,42.3,63.7,36.8,45.8,41.5,16.0,17.6,17.0,20.8,79.2,100.0,23.2,76.8,100.0,21.4,78.6,100.0,2.7,97.3,100.0,12.5,87.5,100.0,55.6,44.4,100.0,55.6,44.4,100.0,16.8,83.2,100.0,71.9,75.4,73.7,82.3,76.7,79.5,62.4,62.3,62.4,65.1,45.6,55.3,48.0,51.5,49.7,96.2,94.7,95.5,96.9,95.6,96.2,"183,787","175,957","359,745",51.1%,48.9%,100.0%
HU,49.5,65.4,74.8,73.3,76.4,57.2,29.4,48.5,93.8,66.5,47.3,50.6,44.1,93.4,97.4,89.5,56.9,59.0,60.0,58.0,55.0,55.0,61.1,75.6,80.5,70.7,49.3,44.0,54.7,16.3,20.3,21.9,17.0,22.0,10.0,19.1,1.0,21.4,1.0,45.6,17.5,82.4,80.1,68.5,88.4,83.4,76.8,84.3,69.2,91.0,90.7,91.2,,39.1,53.9,46.0,26.0,30.7,28.4,25.6,6.2,15.0,16.5,13.4,15.0,63.5,64.4,64.0,957,"1,132",15.46%,"1,045","6,392","6,513","6,448",88.1,87.4,87.8,25.5,24.3,25.0,14.4,13.5,14.0,13.0,13.0,13.0,35.0,19.3,28.5,44.4,29.8,37.6,87.8,47.7,69.0,16.6,12.5,14.6,13.5,11.5,12.4,11.9,88.1,100.0,9.2,90.8,100.0,12.0,88.0,100.0,10.3,89.7,100.0,0.0,100.0,100.0,0.0,100.0,100.0,25.0,75.0,100.0,9.4,90.6,100.0,42.1,49.2,45.3,77.2,68.7,73.0,54.3,52.2,53.3,75.7,59.4,68.1,32.7,37.7,35.1,83.6,82.4,83.0,85.3,83.4,84.4,"4,350,404","3,793,257","8,143,661",53.4%,46.6%,100.0%
MT,56.0,60.8,51.4,49.0,53.8,71.8,36.7,83.0,95.8,70.3,53.0,43.0,62.9,93.3,96.1,90.4,62.4,50.6,46.9,54.3,77.0,77.0,60.8,56.5,68.7,44.4,65.4,66.6,64.3,27.8,31.5,32.3,18.8,43.5,27.9,6.7,49.1,24.3,30.5,25.0,17.4,90.7,93.6,89.8,95.2,95.8,81.7,82.4,81.0,97.6,97.5,97.6,,25.4,63.8,44.3,18.1,38.2,28.3,29.0,9.3,15.3,36.5,37.8,37.3,67.0,69.0,67.8,667,775,13.94%,735,"13,348","13,873","13,607",85.6,87.4,86.5,24.7,25.4,25.0,8.8,10.6,9.7,11.8,12.9,12.4,50.9,34.4,43.7,44.2,22.9,32.9,66.7,18.7,41.2,25.4,26.2,25.9,15.0,16.6,16.1,16.3,83.7,100.0,9.3,90.7,100.0,22.1,77.9,100.0,3.0,97.0,100.0,25.0,75.0,100.0,15.4,84.6,100.0,12.5,87.5,100.0,8.6,91.4,100.0,69.0,73.8,71.4,81.4,77.2,79.3,70.4,68.6,69.5,70.0,56.3,63.2,42.7,45.1,43.9,95.4,96.5,95.9,95.0,95.8,95.4,"160,032","154,183","314,215",50.9%,49.1%,100.0%
NL,67.8,74.8,75.1,63.3,86.9,74.5,39.1,92.6,91.8,82.2,72.6,72.4,72.8,93.1,99.3,86.9,63.9,73.4,72.5,74.3,55.7,55.7,86.4,78.4,80.4,76.4,95.2,98.0,92.5,40.3,69.4,69.8,69.8,68.5,14.4,13.7,15.1,65.7,65.2,81.6,50.3,89.7,93.1,92.2,95.1,92.1,79.3,84.1,74.5,97.7,99.2,96.1,,34.5,62.2,47.4,34.0,40.8,37.5,36.8,10.1,22.0,48.5,56.3,52.6,62.4,61.0,61.7,"2,098","2,797",24.99%,"2,472","17,998","18,807","18,396",90.5,90.6,90.6,26.8,23.9,25.3,21.7,27.1,24.3,21.7,22.3,22.0,52.8,23.6,38.5,42.7,28.6,35.8,77.0,47.3,62.4,56.0,58.3,57.2,31.2,30.6,30.9,35.7,64.3,100.0,35.7,64.3,100.0,35.0,65.0,100.0,6.7,93.3,100.0,7.4,92.6,100.0,33.3,66.7,100.0,41.7,58.3,100.0,25.6,74.4,100.0,73.3,79.4,76.2,81.7,77.2,79.5,63.5,65.4,64.5,72.2,58.4,65.4,37.0,41.0,38.9,98.3,98.7,98.5,93.2,92.2,92.7,"6,480,754","6,224,164","12,704,918",51.0%,49.0%,100.0%
AT,59.5,73.7,77.0,70.8,83.3,70.6,35.6,81.9,94.3,82.5,71.9,68.6,75.2,94.6,96.7,92.4,58.9,58.9,49.2,68.6,58.9,58.9,60.2,59.5,66.2,52.7,60.9,65.5,56.4,29.5,59.4,59.9,60.0,58.3,10.7,12.6,8.8,40.5,57.5,38.0,26.0,91.4,91.1,90.6,94.4,88.1,84.6,80.6,88.7,99.1,99.1,99.0,,39.7,63.1,50.6,31.1,37.0,34.1,24.2,7.5,15.1,35.5,36.4,35.9,65.4,64.3,64.9,"1,872","2,573",27.24%,"2,296","19,263","20,161","19,695",87.0,89.2,88.0,25.7,26.1,25.8,11.1,17.1,14.0,18.2,18.2,18.2,47.2,23.9,36.4,45.3,22.2,34.2,86.2,30.5,59.6,24.6,25.3,24.9,15.5,29.1,23.0,31.5,68.5,100.0,31.6,68.4,100.0,30.7,69.3,100.0,6.3,93.7,100.0,4.3,95.7,100.0,30.2,69.8,100.0,20.0,80.0,100.0,13.6,86.4,100.0,69.8,73.8,71.7,82.2,76.6,79.4,60.1,58.2,59.2,65.3,53.3,59.4,51.5,54.7,53.1,98.0,97.9,98.0,97.3,97.4,97.4,"3,429,571","3,156,787","6,586,358",52.1%,47.9%,100.0%
PL,52.4,65.2,75.1,70.7,79.5,56.7,25.8,53.6,90.7,61.4,46.2,50.3,42.2,81.4,93.2,69.6,56.7,63.0,55.7,70.4,50.9,50.9,54.6,63.0,84.7,41.4,47.2,51.5,43.0,26.3,32.1,19.4,39.1,37.7,19.9,18.6,21.2,28.5,39.5,40.3,5.7,80.6,84.9,75.9,89.8,89.1,67.9,76.5,59.2,90.9,90.3,91.4,,36.7,51.7,43.8,28.1,33.0,30.6,24.0,5.2,13.6,16.1,18.8,17.4,59.2,60.1,59.7,962,"1,190",19.16%,"1,082","5,827","5,882","5,853",82.1,80.4,81.3,16.3,14.9,15.7,14.0,12.1,13.1,20.6,19.6,20.1,31.3,16.8,25.1,46.2,33.8,40.3,79.6,20.4,51.6,16.9,21.3,19.0,6.4,6.6,6.5,10.2,89.8,100.0,20.8,79.2,100.0,20.0,80.0,100.0,9.7,90.3,100.0,11.1,88.9,100.0,21.0,79.0,100.0,21.4,78.6,100.0,2.6,97.4,100.0,50.9,58.1,54.3,79.3,70.8,75.1,66.9,61.2,64.1,74.5,51.9,64.1,23.4,26.2,24.7,82.5,85.2,83.8,83.1,83.7,83.4,"15,752,629","14,320,979","30,073,608",52.4%,47.6%,100.0%
PT,49.9,70.6,84.4,80.9,87.9,59.0,25.8,63.7,87.6,68.8,58.0,59.2,56.8,81.5,93.4,69.6,48.6,48.5,43.3,53.6,48.7,48.7,47.3,67.4,87.6,47.2,33.2,35.5,30.8,22.2,36.1,25.5,42.9,39.9,6.1,11.2,1.0,49.9,62.5,62.5,24.9,83.8,82.3,66.2,93.1,87.5,75.5,85.3,65.7,94.9,96.2,93.6,,47.0,63.5,54.8,34.0,38.9,36.5,21.5,4.9,12.6,23.4,28.3,25.7,57.0,55.6,56.3,"1,283","1,447",11.33%,"1,368","10,745","10,970","10,853",80.6,82.0,81.3,14.5,14.7,14.6,10.8,7.9,9.4,11.2,11.1,11.1,42.6,18.0,31.7,42.0,32.7,37.6,87.2,26.6,58.5,10.3,19.6,14.7,4.5,8.2,6.5,13.6,86.4,100.0,23.0,77.0,100.0,21.3,78.7,100.0,5.7,94.3,100.0,0.0,100.0,100.0,33.3,66.7,100.0,33.3,66.7,100.0,13.2,86.8,100.0,40.8,51.3,45.8,81.3,74.9,78.1,57.1,58.6,57.9,84.5,62.6,74.3,29.7,35.0,32.2,93.4,95.9,94.6,87.7,89.3,88.5,"4,454,926","4,013,140","8,468,066",52.6%,47.4%,100.0%
RO,49.9,68.6,79.3,78.0,80.5,59.3,24.6,57.7,95.6,53.2,36.1,39.8,32.4,78.4,91.0,65.9,47.9,49.2,44.3,54.1,46.6,46.6,48.9,84.8,86.9,82.7,28.2,31.6,24.9,30.7,25.3,27.2,20.6,28.1,25.8,27.5,24.1,44.4,56.9,55.6,20.6,69.5,88.0,85.4,88.9,89.8,42.5,57.5,27.5,89.7,89.7,89.6,,42.7,55.8,49.0,28.7,33.4,31.1,13.9,3.8,8.4,18.2,20.2,19.2,67.1,66.0,66.6,559,608,8.06%,585,"3,411","3,503","3,455",76.7,78.4,77.5,12.9,13.2,13.1,7.7,8.9,8.3,11.4,11.7,11.5,23.6,13.6,19.1,51.6,39.5,45.7,88.5,62.2,75.8,6.3,8.4,7.4,4.3,14.6,9.9,14.2,85.8,100.0,10.6,89.4,100.0,14.7,85.3,100.0,14.3,85.7,100.0,12.5,87.5,100.0,73.3,26.7,100.0,29.2,70.8,100.0,10.6,89.4,100.0,64.5,73.5,68.9,75.7,68.7,72.2,62.5,60.5,61.5,73.4,36.2,55.4,7.4,16.3,11.7,82.3,86.7,84.4,80.6,82.6,81.6,"8,682,875","8,020,115","16,702,990",52.0%,48.0%,100.0%
SI,60.8,71.2,83.5,81.9,85.2,60.7,25.3,65.3,91.5,77.7,62.9,65.2,60.6,95.9,95.9,96.0,52.1,67.9,62.4,73.4,39.9,39.9,73.4,67.7,85.9,49.5,79.5,84.5,74.6,36.5,28.2,18.6,23.6,42.4,33.7,36.7,30.6,51.4,82.8,59.3,12.1,86.3,85.0,76.5,92.3,86.1,75.9,79.3,72.5,99.9,99.9,99.9,,46.8,60.4,53.4,31.5,35.3,33.5,22.5,4.9,13.0,25.1,31.8,28.5,61.5,60.4,61.0,"1,534","1,684",8.91%,"1,614","12,387","12,906","12,638",86.1,89.6,87.8,28.2,29.5,28.7,16.3,14.8,15.6,22.7,21.5,22.1,32.2,12.5,23.9,47.7,35.8,41.9,88.2,28.6,59.4,41.4,42.7,42.0,20.0,20.7,20.4,9.4,90.6,100.0,12.1,87.9,100.0,22.0,78.0,100.0,19.0,81.0,100.0,15.8,84.2,100.0,42.9,57.1,100.0,30.8,69.2,100.0,6.0,94.0,100.0,50.9,56.5,53.6,80.9,73.9,77.4,60.1,56.4,58.3,72.2,54.0,63.3,37.0,45.6,41.3,99.4,99.5,99.5,99.4,99.2,99.3,"845,158","792,854","1,638,012",51.6%,48.4%,100.0%
SK,52.5,65.3,78.2,76.0,80.4,54.6,25.7,42.6,95.4,61.5,40.1,44.1,36.1,94.5,97.3,91.7,54.5,55.7,49.8,61.7,53.3,53.3,55.3,79.1,87.9,70.4,38.7,36.4,40.9,26.9,28.2,22.4,33.5,28.6,28.6,19.3,37.9,24.2,31.7,21.4,19.5,83.5,83.2,73.8,89.6,86.0,73.1,77.3,68.8,95.9,95.6,96.3,,41.8,57.7,49.4,29.2,35.3,32.3,25.2,5.3,14.1,11.0,15.1,13.0,66.8,65.7,66.2,776,"1,056",26.52%,921,"4,339","4,587","4,455",87.3,88.2,87.7,26.7,25.6,26.1,9.8,11.6,10.7,14.9,15.4,15.1,48.2,21.2,36.1,48.3,37.8,43.3,84.7,45.7,66.1,10.6,19.9,15.2,9.6,7.0,8.1,11.7,88.3,100.0,17.6,82.4,100.0,15.0,85.0,100.0,10.0,90.0,100.0,20.0,80.0,100.0,16.7,83.3,100.0,11.1,88.9,100.0,10.1,89.9,100.0,48.5,56.0,52.0,78.1,70.2,74.2,56.6,55.2,55.9,75.6,53.2,64.8,33.0,39.7,36.2,91.5,92.6,92.1,92.2,92.6,92.4,"2,195,520","2,013,593","4,209,113",52.2%,47.8%,100.0%
FI,72.0,74.2,88.2,84.6,91.7,62.5,33.0,59.4,95.1,80.1,67.9,68.2,67.5,94.6,96.4,92.9,56.6,77.8,77.7,77.9,41.2,41.2,81.6,89.3,92.2,86.4,74.7,81.6,67.8,68.4,81.2,88.5,73.4,81.7,54.1,36.0,72.2,72.8,90.2,86.6,41.5,89.2,89.2,90.7,93.4,83.5,81.9,70.5,93.4,97.0,97.5,96.5,,48.1,57.7,52.6,35.3,36.6,35.9,37.4,8.2,22.3,26.7,50.7,38.5,66.7,65.4,66.1,"1,848","2,368",21.96%,"2,096","15,550","16,426","15,974",86.6,89.2,87.8,26.9,26.1,26.5,27.4,23.7,25.6,32.5,26.3,29.4,47.6,15.6,32.7,40.4,34.5,37.5,90.0,68.3,79.5,60.1,44.5,52.4,16.4,16.9,16.7,45.8,54.2,100.0,38.1,61.9,100.0,42.3,57.7,100.0,18.7,81.3,100.0,37.5,62.5,100.0,46.7,53.3,100.0,44.8,55.2,100.0,21.6,78.4,100.0,68.2,68.8,68.5,82.5,75.6,79.1,52.5,51.7,52.1,69.9,45.7,58.4,60.1,56.9,58.6,95.5,96.9,96.2,93.4,92.7,93.1,"2,133,522","1,997,726","4,131,248",51.6%,48.4%,100.0%
SE,78.8,78.7,88.7,83.3,94.1,69.9,38.0,75.7,96.0,84.1,72.2,76.7,67.7,98.0,98.7,97.3,68.1,70.6,69.5,71.7,65.8,65.8,89.6,88.1,91.6,84.6,91.1,92.7,89.4,74.1,89.9,84.9,91.8,92.9,52.1,45.3,58.9,86.9,82.4,95.0,83.3,91.7,93.4,92.0,96.0,92.1,89.3,85.9,92.8,92.3,91.0,93.7,,47.8,59.3,52.9,37.6,40.1,38.9,45.9,10.6,27.4,34.9,47.1,41.3,68.1,66.7,67.4,"2,224","2,607",14.69%,"2,410","15,565","16,323","15,933",89.9,90.9,90.4,28.6,29.3,28.8,28.5,20.9,24.7,31.0,23.3,27.1,55.9,28.7,44.9,33.3,28.0,30.7,86.4,63.1,75.0,51.0,55.0,53.1,29.1,30.9,30.0,43.3,56.7,100.0,46.8,53.2,100.0,47.3,52.7,100.0,23.0,77.0,100.0,30.0,70.0,100.0,59.8,40.2,100.0,48.4,51.6,100.0,42.5,57.5,100.0,72.8,78.5,75.6,82.9,78.5,80.7,63.2,64.5,63.9,76.3,61.3,68.8,58.0,55.8,56.9,83.6,86.3,85.0,87.5,87.2,87.4,"3,601,374","3,471,955","7,073,329",50.9%,49.1%,100.0%
UK,71.2,74.2,80.4,73.6,87.2,68.4,37.5,71.7,96.0,79.7,77.1,77.8,76.3,82.5,93.6,71.4,75.8,85.7,84.9,86.4,67.0,67.0,69.4,72.7,75.1,70.3,66.3,75.5,57.1,51.4,48.5,50.7,35.5,59.4,40.0,24.6,55.4,70.1,75.6,94.5,40.1,93.1,93.9,93.6,95.2,92.8,88.5,84.0,92.9,97.0,97.1,97.0,,41.6,62.5,51.3,34.1,40.5,37.4,35.0,9.4,21.2,29.7,36.5,33.4,67.1,69.2,68.1,"2,503","3,456",27.58%,"2,979","20,190","21,817","20,974",81.2,82.9,82.0,17.9,16.0,16.9,26.5,26.7,26.6,:,:,:,54.9,29.4,44.0,38.4,22.9,30.7,72.8,39.2,56.0,33.4,35.8,34.7,15.4,12.7,14.0,26.5,73.5,100.0,18.5,81.5,100.0,31.0,69.0,100.0,12.7,87.3,100.0,28.9,71.1,100.0,39.4,60.6,100.0,54.5,45.5,100.0,20.9,79.1,100.0,73.7,76.1,74.8,81.3,77.1,79.2,65.5,64.2,64.9,73.6,58.5,66.6,55.0,55.4,55.2,94.2,94.8,94.5,93.9,93.5,93.7,"24,297,811","22,643,948","46,941,759",51.8%,48.2%,100.0%
,,,,,,,,,,,,,,,,,,,,,,,,,,,,,,,,,,,,,,,,,,,,,,,,,,,,,,,,,,,,,,,,,,,,,,,,,,,,,,,,,,,,,,,,,,,,,,,,,,,,,,,,,,,,,,,,,,,,,,,,,,,,,,,,,,,,,,,,,,,,,,,,,,,,,,,,,
,,,,,,,,,,,,,,,,,,,,,,,,,,,,,,,,,,,,,,,,,,,,,,,,,,,,,,Source:,,,Source:,,,Source:,,,Source:,,,Source:,,,Source:,,,,Source:,,,Source:,,,Source:,,,Source:,,,Source:,,,Source:,,,Source:,,,Source:,,,Source:,,,Source:,,,Source:,,,Source:,,,Source:,,,Source:,,,Source:,,,Source:,,,Source:,,,Source:,,,Source:,,,Source:,,,Source:,,,Source:,,,Source:,,,Source:,,,Source:,,,Source:,,,Source:,,
,,,,,,,,,,,,,,,,,,,,,,,,,,,,,,,,,,,,,,,,,,,,,,,,,,,,,,"Eurostat, EU LFS, 2005",,,"Eurostat, EU LFS, (lfsi_dwl_a), 2005",,,"Eurostat, EU LFS, (lfsa_egan2), 2005",,,"Eurofound, EWCS, 2015",,,"Eurofound, EWCS, 2015",,,"Eurostat, SES, (earn_ses14_20), 2006",,,,"Eurostat, EU SILC, (ilc_di03), 2005",,,"Eurostat, EU SILC, (ilc_li02), 2005",,,"Eurostat, EU SILC, 2005",,,"Eurostat, EU LFS, 2005",,,"Eurostat, EU LFS, 2005",,,"Eurostat, Education statistics, (educ_uoe_enrt03), 2005",,,"Eurofound, EQLS, 2003",,,"Eurofound, EQLS, 2003",,,"Eurofound, EWCS, 2015",,,"Eurofound, EWCS, 2005",,,"EIGE, WMID, 2004-2005-2006",,,"EIGE, WMID, 2004-2005-2006",,,"EIGE, WMID, 2004-2005-2006",,,"EIGE, WMID, 2004-2005-2006",,,"EIGE, WMID, 2004-2005-2006",,,"EIGE, WMID, 2016",,,"EIGE, WMID, 2014",,,"EIGE, WMID, 2015",,,"Eurostat, EU SILC, (hlth_silc_01), 2005",,,"Eurostat, Mortality data, ([hlth_hlye), 2005",,,"Eurostat, Mortality data, (hlth_hlye), 2012",,,"Eurostat, EHIS, 2014",,,"Eurostat, EHIS, 2014",,,"Eurostat, EU SILC, (hlth_silc_08), 2005",,,"Eurostat, EU SILC, (hlth_silc_09), 2010",,,"Eurostat, population statistics (average 2004, 2005, 2006)",,,"Eurostat, population statistics (average 2004, 2005, 2006)",,
,,,,,,,,,,,,,,,,,,,,,,,,,,,,,,,,,,,,,,,,,,,,,,,,,,,,,,Eurostat calculations according to EIGE's request,,,,,,,,,EIGE's calculation with microdata,,,Calculated by Eurofound,,,HR 2010,,,,"BG 2006, HR 2010, RO 2007",,,"BG 2006, HR 2010, RO 2007",,,Eurostat calculations according to EIGE's request,,,Eurostat calculations according to EIGE's request,,,Eurostat calculations according to EIGE's request,,,"FR 2006, LU 2011",,,EIGE's calculation with microdata,,,EIGE's calculation with original variables,,,EIGE's calculation with microdata,,,EIGE's calculation with microdata,,,HR: 2007-2008-2009,,,HR: 2007-2008-2009,,,"Regional assemblies, if regional assemblies do not exist in the country, local level politics are included. Local level politics, 2011",,,HR: 2007-2008-2009,,,HR: 2007-2008-2009,,,EIGE's calculation,,,EIGE's calculation,,,Data collected by EIGE,,,"BG 2011, HR 2010, RO 2007",,,Total: Average of Women and Men,,,"BG 2006, HR 2010, RO 2007",,,Eurostat calculations according to EIGE's request,,,Eurostat calculations according to EIGE's request,,,"BG 2006, HR 2010, RO 2007",,,"BG 2006, HR 2010, RO 2007",,,(1) Population on 1 January by broad age group and sex (demo_pjanbroad),,,(1) Population on 1 January by broad age group and sex (demo_pjanbroad),,
,,,,,,,,,,,,,,,,,,,,,,,,,,,,,,,,,,,,,,,,,,,,,,,,,,,,,,EU-28: Non-weighted average,,,,,,,,,,,,,,,EU-28: EU-27 used,,,,EU-28: Non-weighted average,,,EU-28: Non-weighted average,,,"BG 2007, HR 2010, RO 2007",,,"EE (W), LV (W), SE (W, M, T), UK (W, M, T): low reliability ",,,"LV (W), PL (W, M, T), SE (W, M, T), FI (W, T): low reliability",,,EU-28 calculated with original variables ,,,"CZ, ES, HR and PL 2007",,,"CZ, ES, HR and PL 2007",,,,,,,,,National governments (all ministers: junior ministers + senior ministers),,,National parliaments (both houses),,,EIGE's calculation,,,EIGE's calculation,,,EIGE's calculation,,,,,,,,,,,,EU-28: Non-weighted average,,,EU-28: Non-weighted average,,,Total: Average of Women and Men,,,"FR, NL: EIGE estimation",,,"FR, NL: EIGE estimation",,,,,,EU-28: Non-weighted average  ,,,(2) Population on 1 January by age and sex (demo_pjan),,,(2) Population on 1 January by age and sex (demo_pjan),,
,,,,,,,,,,,,,,,,,,,,,,,,,,,,,,,,,,,,,,,,,,,,,,,,,,,,,,,,,,,,,,,,,,,,,,,,,,,,,,,,,,"All MS (W, M, T): break in data series",,,"All MS (W, M, T): break in data series",,,,,,,,,,,,,,,,,,EIGE's calculation,,,EIGE's calculation,,,,,,,,,,,,,,,,,,,,,,,,,,,EU-28: Non-weighted average,,,EU-28: Non-weighted average  ,,,EU-28: Non-weighted average  ,,,,,,,,,,,,,,
,,,,,,,,,,,,,,,,,,,,,,,,,,,,,,,,,,,,,,,,,,,,,,,,,,,,,,,,,,,,,,,,,,,,,,,,,,,,,,,,,,EU-28: Non-weighted average,,,"UK (W, M, T): not available",,,,,,,,,,,,,,,,,,,,,,,,,,,,,,,,,,,,,,,,,,,,,,,,,,,,,,,,,,,,,,,,,,,,
,,,,,,,,,,,,,,,,,,,,,,,,,,,,,,,,,,,,,,,,,,,,,,,,,,,,,,,,,,,,,,,,,,,,,,,,,,,,,,,,,,,,,EU-28: Non-weighted average,,,,,,,,,,,,,,,,,,,,,,,,,,,,,,,,,,,,,,,,,,,,,,,,,,,,,,,,,,,,,,,,,,,,
